FIRST_AUTHOR,PUBLICATION_YEAR,JOURNAL,SAMPLING_GEO,LIC_LMIC,UMIC_HIC,NGS_GEO,SAMPLING_YEAR(S),FIRST_SAMPLE_DATE,LAST_SAMPLE_DATE,ZOONOTIC_AGENT,SPECIES,SPECIFIC_VIRUS,AGENT_TYPE,AGENT_HSE_CAT,AGENT_SAPO,STUDY_AIM_1,STUDY_AIM_2,HUM_SAMPLE_SIZE,ANI_MULTISPECIES,ANI_SAMPLE_SIZE,LIVESTOCK_SAMPLE_SIZE,PET_SAMPLE_SIZE,POULTRY_SAMPLE_SIZE,WILDLIFE_SAMPLE_SIZE,ENV_DOMAIN,ARACHNIDA_SAMPLE_SIZE,INSECTA_SAMPLE_SIZE,BIOTIC-ENV_SAMPLE_SIZE,ABIOTIC_SAMPLE_SIZE,PRE-NGS_CULTURE,PRE-NGS_ANALYSIS,NUCLEIC_ACID,NUCLEIC_ACID_EXT,NUCLEIC_ACID_EXT_TYPE,LIBRARY_PREP_MAIN,NGS_PLATFORM_SHORT,NGS_PLATFORM_LONG,NGS_PLATFORM_PRIMARY,NGS_PLATFORM_COMPLEMENT,ASSEMBLY/MAPPING_SOFTWARE,ASSEMBLY/MAPPING_LICENSE,ASSEMBLY_TYPE,ALIGNMENT_SOFTWARE,PHYLO_SOFTWARE,PHYLO_LICENSE,PHYLO_MODEL,PHYLO_RESULTS,RECOMBINATION,PUBLIC_ARCHIVE,PUBLIC_DATA,PUBLIC_CODE
Shenoy,2020,infect_control_hosp_epidemiol,USA,no,yes,N/S,2018-2019,2018,2019,Acinetobacter_baumannii,,N/A,bacterium_gram-,1,0,outbreak_epidemiology,N/A,5,N/A,0,0,0,0,0,5,0,0,0,5,yes,MALDI-TOF-MS,DNA,Qiagen_QIAampDNAmini,manual,Illumina_NexteraXT,Illumina_iSeq100,no,Illumina_iSeq100,no,SPAdes,free,de_novo,BWA,RAxML,free,MaxLik,relatedness,Gubbins,no,N/A,no
Sun,2021,arch_virol,China,no,yes,N/S,2013-2017,2013,2017,Alphainfluenzavirus_genus,,Influenza_A,virus_ssRNA,2,0.5,genomic_diversity_evolution,N/A,121,no,3,0,0,3,0,30,0,0,0,30,N/S,qPCR,RNA,Qiagen_QIAampViralRNAmini,manual,IonTorrent_IonXpress,IonTorrent_IonPGM,no,IonTorrent_IonPGM,no,Geneious,commercial,ref_genome,MUSCLE,RAxML,free,MaxLik,relatedness,no,GISAID,consensus_sequences,no
Yang,2019,influenza_other_respi_viruses,China,no,yes,N/S,2017,2017,2017,Alphainfluenzavirus_genus,,Influenza_A,virus_ssRNA,2,0.5,outbreak_epidemiology,genomic_diversity_evolution,1,N/A,0,0,0,0,0,7,0,0,N/S,N/S,yes,qPCR,RNA,Qiagen_Rneasy,manual,N/S,Illumina_MiSeq,no,Illumina_MiSeq,no,CLCgenomics,commercial,de_novo,MUSCLE,RAxML,free,MaxLik,relatedness,no,GISAID,consensus_sequences,no
Yang,2022,lancet_microbe,China,no,yes,N/S,2021-2022,2021,2022,Alphainfluenzavirus_genus,,Influenza_A,virus_ssRNA,2,0.5,genomic_diversity_evolution,cross-domain_transmission,1,no,15,0,15,0,0,0,0,0,0,0,N/S,qPCR,RNA,Qiagen_QIAampViralRNAmini,manual,N/S,N/S,N/S,N/S,N/S,N/S,N/S,N/S,MUSCLE,RAxML+BEAST,free,MaxLik+Bayes,temporally-resolved,no,GISAID,consensus_sequences,no
Carpi,2016,bmc_genomics,USA,no,yes,N/S,2011-2014,2011,2014,Babesia_microti,,N/A,protozoa,2,0,genomic_diversity_evolution,N/A,11,N/A,0,0,0,0,0,33,33,0,0,0,no,qPCR,DNA,N/S,N/S,Roche_NimbleGenEZ,Illumina_HiSeq,no,Illumina_HiSeq,no,N/S,N/S,ref_genome,BWA+ClustalW,TCS+MEGA+BEAST,free,MaxPar+MaxLik+Bayes,temporally-resolved,no,NCBI,raw_reads,no
Abdel-Glil,2021,j_clin_microbiol,Globe,,,N/S,1917-2013,1917,2013,Bacillus_anthracis,,N/A,bacterium_gram+,3,1,diagnostics_development_surveillance,N/A,1,yes,42,42,0,0,0,0,0,0,0,0,N/S,genotyping,DNA,Qiagen_GenomicTips+DNeasyb&t,manual,Illumina_NexteraXT,Illumina_MiSeq,no,Illumina_MiSeq,no,SPAdes-Shovill,free,de_novo,Parsnp,SeqSphere+,commercial,NeiJo+MaxLik,relatedness,Gubbins,NCBI,raw_reads,yes
Eremenko,2021,infect_genet_evol,Russia,no,yes,N/S,1935-2019,1935,2019,Bacillus_anthracis,,N/A,bacterium_gram+,3,1,genomic_diversity_evolution,N/A,29,yes,19,17,0,0,2,16,0,1,1,14,yes,qPCR,DNA,Qiagen_QIAampDNAmini,manual,IonTorrent_OT2,IonTorrent_IonPGM,no,IonTorrent_IonPGM,no,Newbler,free,de_novo,Parsnp,MEGA,free,MaxLik,relatedness,no,no,N/A,no
Furuta,2018,msystems,Zambia,yes,no,N/S,2011-2016,2011,2016,Bacillus_anthracis,,N/A,bacterium_gram+,3,1,genomic_diversity_evolution,N/A,1,yes,9,2,0,0,7,4,0,0,0,4,yes,phenotyping,DNA,Qiagen_QIAampPowerFecal,manual,Illumina_NexteraXT+PacBio_SMRTbell+ONT_SQK-RBK001,Illumina_MiSeq,PacBio_RSII+ONT_MinION,Illumina_MiSeq,PacBio_RSII,Snippy,free,ref_genome,Parsnp,MEGA,free,NeiJo,relatedness,no,NCBI,raw_reads,no
Timofeev,2019,plos_one,Russia,no,yes,Russia,2015-2016,2015,2016,Bacillus_anthracis,,N/A,bacterium_gram+,3,1,genomic_diversity_evolution,N/A,1,no,1,0,0,0,1,5,0,0,0,5,yes,qPCR,DNA,Merck_GenEluteBac+Syntol_K-Sorb,manual,IonTorrent_PGM400,IonTorrent_IonPGM,no,IonTorrent_IonPGM,no,Bionumerics,commercial,ref_genome,Bionumerics,N/S,N/S,MinSpan,genetic_distance,Gubbins,NCBI,raw_reads,no
Carroll,2019,front_microbiol,USA,no,yes,USA,2016,2016,2016,Bacillus_cereus,,N/A,bacterium_gram+,2,0,outbreak_epidemiology,N/A,7,N/A,0,0,0,0,0,26,0,0,26,0,yes,genotyping,DNA,Qiagen_DNeasyb&t+Omega_EZNAbac,manual,Illumina_NexteraXT,Illumina_N/S,no,Illumina_N/S,no,SPAdes,free,de_novo,BWA,RAxML,free,MaxLik,relatedness,Gubbins,NCBI,raw_reads,yes
Okutani,2019,bmc_microbiol,Japan,no,yes,N/S,2009-2018,2009,2018,Bacillus_cereus,,N/A,bacterium_gram+,2,0,genomic_diversity_evolution,cross-domain_transmission,5,yes,10,9,0,0,1,25,0,0,0,25,yes,phenotyping,DNA,N/S,N/S,NEB_NEBNextUltra,Illumina_MiSeq,no,Illumina_MiSeq,no,CLCgenomics,commercial,de_novo,Parsnp,MEGA,free,MaxLik,relatedness,no,DDBJ,raw_reads,no
Chewapreecha,2017,nature_microbiol,Globe,,,N/S,1935-2013,1935,2013,Burkholderia_pseudomallei,,N/A,bacterium_gram-,3,0,genomic_diversity_evolution,N/A,N/S,N/A,0,0,0,0,0,N/S,0,0,N/S,N/S,N/S,N/S,DNA,N/S,N/S,N/S,Illumina_HiSeq,no,Illumina_HiSeq,no,Velvet,free,de_novo,SMALT,FastTree+RAxML+BEAST,free,MaxLik+Bayes,temporally-resolved,Gubbins,ENA,raw_reads,no
Gee,2021,msphere,Brazil,no,yes,N/S,2003-2015,2003,2015,Burkholderia_pseudomallei,,N/A,bacterium_gram-,3,0,genomic_diversity_evolution,N/A,25,N/A,0,0,0,0,0,12,0,0,0,12,N/S,N/S,DNA,Roche_HighPure,manual,N/S,Illumina_MiSeq,no,Illumina_MiSeq,no,PEAR+SPAdes,free,N/S,Parsnp,PhyML,free,MaxLik,relatedness,ClonalFrameML,NCBI,raw_reads,no
McRobb,2015,j_clin_microbiol,Australia,no,yes,SouthKorea,1994-2014,1994,2014,Burkholderia_pseudomallei,,N/A,bacterium_gram-,3,0,outbreak_epidemiology,N/A,7,N/A,0,0,0,0,0,6,0,0,0,6,yes,qPCR+genotyping,DNA,Qiagen_DNeasyb&t,manual,N/S,Illumina_HiSeq,no,Illumina_HiSeq,no,N/S,N/S,N/S,SPANDx,PAUP,free,MaxPar,relatedness,no,NCBI,raw_reads,no
Price,2016,appl_environ_microbiol,Australia,no,yes,SouthKorea+USA,1989-2014,1989,2014,Burkholderia_pseudomallei,,N/A,bacterium_gram-,3,0,genomic_diversity_evolution,N/A,278,yes,9,9,0,0,0,29,0,0,0,29,yes,N/S,DNA,N/S,N/S,N/S,Illumina_HiSeq,no,Illumina_HiSeq,no,SPANDx,free,N/S,SPANDx,PAUP+Gubbins,free,MaxPar+MaxLik,relatedness,Gubbins,NCBI,raw_reads,no
Webb,2022,j_clin_microbiol,Australia,no,yes,N/S,2000-2019,2000,2019,Burkholderia_pseudomallei,,N/A,bacterium_gram-,3,0,genomic_diversity_evolution,diagnostics_development_surveillance,51,N/A,0,0,0,0,0,75,0,0,0,75,yes,qPCR+genotyping,DNA,N/S,N/S,N/S,Illumina_N/S,no,Illumina_N/S,no,MGAP_pipeline,free,N/S,SPANDx,PAUP,free,MaxPar,relatedness,no,NCBI,raw_reads,no
French,2019,emerg_infect_dis,NewZealand,no,yes,N/S,2014-2016,2014,2016,Campylobacter_jejuni,,N/A,bacterium_gram-,2,0,GWAS_pathogenicity_AMR,N/A,7,no,34,0,0,34,0,0,0,0,0,0,yes,N/S,DNA,PerkinElmer_chemagic+Merck_GenEluteBac,automated+manual,Illumina_NexteraXT+PacBio_N/S,Illumina_NextSeq,PacBio_RSII,Illumina_NextSeq,PacBio_RSII,SPAdes,free,ref_genome,Snippy,SplitsTree+IQ-TREE,free,NeiJo,relatedness,Gubbins,NCBI,genome_assemblies,no
Rokney,2018,front_microbiol,Israel,no,yes,N/S,2003-2012,2003,2012,Campylobacter_jejuni,,N/A,bacterium_gram-,2,0,cross-domain_transmission,GWAS_pathogenicity_AMR,239,yes,23,2,0,21,0,0,0,0,0,0,N/S,N/S,DNA,Qiagen_QIAsymphony,automated,Illumina_NexteraXT,Illumina_N/S,no,Illumina_N/S,no,SPAdes,free,de_novo,N/S,N/S,N/S,MinSpan,genetic_distance,no,no,N/A,no
Hudson,2021,microorganisms,USA,no,yes,USA,2002-2021,2002,2021,Campylobacter_spp.,,N/A,bacterium_gram-,2,0,outbreak_epidemiology,cross-domain_transmission,1074,yes,2004,760,2,1244,0,0,0,0,0,0,N/S,N/S,DNA,Qiagen_DNeasyb&t,manual,Illumina_NexteraXT,Illumina_MiSeq,no,Illumina_MiSeq,no,SPAdes,free,N/S,N/S,MEGA,free,NeiJo,relatedness,no,NCBI,raw_reads,no
Branley,2016,sci_rep,Australia,no,yes,N/S,2003-2012,2003,2012,Chlamydia_psittaci,,N/A,bacterium_gram-,1,0,cross-domain_transmission,N/A,6,no,1,0,0,0,1,0,0,0,0,0,yes,N/S,DNA,bioMerieux_NucliSENSeasyMAG,automated,Agilent_SureSelectXT,Illumina_HiSeq,no,Illumina_HiSeq,no,SPAdes,free,ref_genome,Mugsy,PhyML+BEAST,free,MaxLik+Bayes,temporally-resolved,Gubbins,NCBI,genome_assemblies,no
Mazuet,2017,plos_curr,France,no,yes,N/S,2015,2015,2015,Clostridium_baratii,,N/A,bacterium_gram+,2,0,outbreak_epidemiology,N/A,3,no,1,1,0,0,0,0,0,0,0,0,yes,PCR,DNA,Qiagen_QIAampStool+MoBio_PowerFood,manual,NEB_NEBNextUltra,Illumina_MiSeq,no,Illumina_MiSeq,no,CLCgenomics,commercial,N/S,Blastn,PhyML,free,MaxLik,relatedness,no,NCBI,genome_assemblies,no
Xin,2019,anaerobe,China,no,yes,N/S,2015,2015,2015,Clostridium_botulinum,,N/A,bacterium_gram+,2,0,outbreak_epidemiology,N/A,1,N/A,0,0,0,0,0,1,0,0,1,0,yes,MALDI-TOF-MS,DNA,Qiagen_DNeasyb&t,manual,IonTorrent_OT2,IonTorrent_IonPGM,no,IonTorrent_IonPGM,no,Newbler,free,de_novo,CLCgenomics,N/S,N/S,MaxLik,relatedness,no,NCBI,genome_assemblies,no
Huang,2021,plos_negl_trop_dis,China,no,yes,China,2018-2019,2018,2019,Coxiella_burnetii,,N/A,bacterium_gram-,3,0,cross-domain_transmission,N/A,55,yes,32,32,0,0,0,0,0,0,0,0,no,serology+qPCR,DNA,Qiagen_DNeasyb&t+Tiangen_TIANamp,manual,MGI_DNAprep,BGI_BGISEQ50,no,BGI_BGISEQ50,no,BWA,free,ref_genome,MUMmer,MEGA,free,MaxLik,relatedness,no,no,N/A,no
Karlsson,2014,plos_one,Globe,,,N/S,1955-2003,1955,2003,Coxiella_burnetii,,N/A,bacterium_gram-,3,0,diagnostics_development_surveillance,N/A,1,yes,6,6,0,0,0,1,0,0,1,0,yes,N/S,DNA,Lucigen_MasterPureComplete,manual,Cytiva_GenomiPhi,Illumina_HiSeq,no,Illumina_HiSeq,no,Bowtie2,free,ref_genome,Bowtie2,N/S,N/S,NeiJo,relatedness,no,NCBI,raw_reads,no
Hassan,2021,nat_microbiol,Pakistan,yes,no,N/S,2016,2016,2016,Enterobacteriaceae_family,,N/A,bacterium_gram-,2,0,cross-domain_transmission,N/A,104,N/A,0,0,0,0,0,231,175,0,0,56,yes,PCR+MALDI-TOF-MS,DNA,Qiagen_QIAampDNAmini+Qiagen_QIAampQIAcube,automated,Illumina_NexteraXT,Illumina_MiSeq,no,Illumina_MiSeq,no,SPAdes,free,N/S,Roary,FastTree,free,MaxLik,relatedness,no,ENA,raw_reads,no
Neumann,2019,j_clin_microbiol,Germany,no,yes,N/S,1997-2017,1997,2017,Enterococcus_faecalis,,N/A,bacterium_gram+,1,0,diagnostics_development_surveillance,N/A,119,yes,12,12,0,0,0,21,0,0,0,21,yes,N/S,DNA,Qiagen_DNeasyb&t,manual,Illumina_NexteraXT,Illumina_MiSeq,no,Illumina_MiSeq,no,SPAdes,free,de_novo,BWA,PhyML+FastTree,free,MaxLik,relatedness,SNPfilter,NCBI,raw_reads,no
Gouliouris,2021,nat_microbiol,UK,no,yes,N/S,2015,2015,2015,Enterococcus_faecium,,N/A,bacterium_gram+,1,0,cross-domain_transmission,outbreak_epidemiology,127,N/A,0,0,0,0,0,559,0,0,0,559,yes,MALDI-TOF-MS,DNA,Qiagen_QIAampQIAcube,automated,N/S,Illumina_HiSeq,no,Illumina_HiSeq,no,SMALT,free,ref_genome,SAMtools,RAxML,free,MaxLik,relatedness,Gubbins,ENA,raw_reads,no
Rushton-Green,2019,appl_environ_microbiol,NewZealand,no,yes,N/S,1996-2009,1996,2009,Enterococcus_spp.,,N/A,bacterium_gram+,1,0,cross-domain_transmission,GWAS_pathogenicity_AMR,74,no,157,0,0,157,0,0,0,0,0,0,yes,N/S,DNA,Merck_GenEluteBac,manual,Illumina_NexteraXT+PacBio_N/S,Illumina_NextSeq,PacBio_RSII,Illumina_NextSeq,PacBio_RSII,SPAdes,free,ref_genome,Snippy-core,RAxML+BactDating,free,MaxLik+Bayes,temporally-resolved,Gubbins,NCBI,genome_assemblies,yes
Allué-Guardia,2022,microb_genom,Globe,,,N/S,1950-2013,1950,2013,Escherichia_coli,,N/A,bacterium_gram-,2,0,GWAS_pathogenicity_AMR,N/A,8,no,8,8,0,0,0,4,0,0,4,0,yes,N/S,DNA,Qiagen_QIAampDNAmini,manual,Lucigen_NxSeqAmpFREE+Roche_KAPAhyperplus+ONT_SQK-LSK108,Illumina_MiSeq,ONT_MinION,Illumina_MiSeq,ONT_MinION,SPAdes,free,ref_genome,BWA+Mugsy,PAUP+RAxML,free,MaxPar+MaxLik,relatedness,no,NCBI,raw_reads,no
Aworh,2021,antimicrob_resist_infect_control,Nigeria,yes,no,N/S,2018-2020,2018,2020,Escherichia_coli,,N/A,bacterium_gram-,2,0,GWAS_pathogenicity_AMR,N/A,47,no,36,0,0,36,0,26,0,0,0,26,yes,N/S,DNA,N/S,N/S,Illumina_NexteraXT,Illumina_MiSeq,no,Illumina_MiSeq,no,SPAdes,free,de_novo,N/S,CSIphylogeny,free,MaxLik,relatedness,no,NCBI,genome_assemblies,no
de_Been,2014,plos_genet,Netherlands,no,yes,N/S,2006-2011,2006,2011,Escherichia_coli,,N/A,bacterium_gram-,2,0,GWAS_pathogenicity_AMR,N/A,17,no,11,0,0,11,0,4,0,0,4,0,N/S,genotyping,DNA,MoBio_UltraCleanMicrobial,automated,N/S,Illumina_HiSeq,PacBio_RSII,Illumina_HiSeq,PacBio_RSII,SOAPdenovo,free,de_novo,MUSCLE,RAxML,free,MaxLik,relatedness,no,NCBI,raw_reads,no
Johnson,2016,open_forum_infect_dis,USA,no,yes,N/S,2007-2014,2007,2014,Escherichia_coli,,N/A,bacterium_gram-,2,0,cross-domain_transmission,N/A,16,yes,4,0,4,0,0,0,0,0,0,0,N/S,PCR+genotyping,DNA,N/S,N/S,N/S,Illumina_MiSeq,no,Illumina_MiSeq,no,BWA,free,ref_genome,BWA,MEGA,free,MaxLik,relatedness,Gubbins,no,N/A,no
Lifshitz,2018,microb_drug_resist,Israel,no,yes,Israel,2013-2014,2013,2014,Escherichia_coli,,N/A,bacterium_gram-,2,0,cross-domain_transmission,N/A,26,no,44,44,0,0,0,0,0,0,0,0,yes,genotyping,DNA,N/S,N/S,N/S,Illumina_HiSeq,no,Illumina_HiSeq,no,SPAdes,free,de_novo,N/S,PHYLOViZ,free,MinSpan,genetic_distance,no,no,N/A,no
Michelacci,2018,int_j_med_microbiol,Italy,no,yes,Italy,2017,2017,2017,Escherichia_coli,,N/A,bacterium_gram-,2,0,outbreak_epidemiology,N/A,1,N/A,0,0,0,0,0,1,0,0,1,0,yes,qPCR+genotyping,DNA,Omega_EZNAbac,manual,N/S,IonTorrent_IonPGM,no,IonTorrent_IonPGM,no,SPAdes,free,de_novo,ClustalW,kSNP3,free,NeiJo+MaxLik,relatedness,no,NCBI,genome_assemblies,no
Montealegre,2020,msphere,Bangladesh,yes,no,N/S,2016,2016,2016,Escherichia_coli,,N/A,bacterium_gram-,2,0,cross-domain_transmission,GWAS_pathogenicity_AMR,14,yes,27,13,0,14,0,19,0,0,19,0,yes,phenotyping,DNA,Qiagen_DNeasyb&t,manual,Illumina_NexteraXT,Illumina_HiSeq,no,Illumina_HiSeq,no,SPAdes,free,de_novo,Snippy,IQ-TREE,free,MaxLik,relatedness,no,ENA,raw_reads,no
Norman,2015,front_cell_infect_microbiol,NorthAmerica,,,N/S,N/S,N/S,N/S,Escherichia_coli,,N/A,bacterium_gram-,2,0,GWAS_pathogenicity_AMR,N/A,182,yes,88,88,0,6,2,6,0,3,0,3,N/S,PCR,DNA,Qiagen_GenomicTips,manual,Roche_GSFLX,Roche_454,no,Roche_454,no,Geneious,commercial,N/S,ClustalW,SplitsTree+MEGA,free,NeiJo,relatedness,no,no,N/A,no
Pietsch,2018,bmc_genomics,Germany,no,yes,N/S,2008-2016,2008,2016,Escherichia_coli,,N/A,bacterium_gram-,2,0,cross-domain_transmission,N/A,46,yes,118,14,0,104,0,0,0,0,0,0,yes,phenotyping+genotyping,DNA,Qiagen_DNeasyb&t+Invitrogen_PureLink,manual,Illumina_NexteraXT,Illumina_MiSeq,no,Illumina_MiSeq,no,A5-miniseq,free,N/S,BWA,SeqSphere++RAxML,commercial,NeiJo+MaxLik,relatedness,no,ENA,raw_reads,no
Strachan,2015,sci_rep,UK,no,yes,UK,1996-2011,1996,2011,Escherichia_coli,,N/A,bacterium_gram-,2,0,cross-domain_transmission,N/A,74,yes,51,51,0,0,0,20,0,0,0,20,yes,phage_typing,DNA,Promega_WizardPurification,manual,N/S,Illumina_HiSeq,no,Illumina_HiSeq,no,Velvet,free,N/S,MUSCLE,MEGA,free,NeiJo,relatedness,no,no,N/A,no
van_Hoek,2019,bmc_genomics,Netherlands,no,yes,N/S,2008-2017,2008,2017,Escherichia_coli,,N/A,bacterium_gram-,2,0,cross-domain_transmission,N/A,129,yes,14,1,0,0,13,2,0,0,0,2,N/S,N/S,DNA,N/S,N/S,N/S,Illumina_HiSeq,no,Illumina_HiSeq,no,CLCgenomics,commercial,de_novo,CLCgenomics,SeqSphere+,commercial,NeiJo+MaxLik,relatedness,no,ENA,raw_reads,no
Vu_Thi_Ngoc,2022,microbiol_spectr,Vietnam,yes,no,N/S,2015-2017,2015,2017,Escherichia_coli,,N/A,bacterium_gram-,2,0,GWAS_pathogenicity_AMR,N/A,62,yes,32,N/S,N/S,N/S,N/S,13,0,0,3,10,yes,MALDI-TOF-MS,DNA,N/S,N/S,Illumina_NexteraXT++ONT_SQK-LSK108,Illumina_MiSeq,ONT_MinION,Illumina_MiSeq,ONT_MinION,SPAdes-Shovill+Flye,free,de_novo,Roary,IQ-TREE,free,MaxLik,relatedness,no,ENA,raw_reads,no
Zhang,2020,microorganisms,USA,no,yes,N/S,N/S,N/S,N/S,Escherichia_coli,,N/A,bacterium_gram-,2,0,genomic_diversity_evolution,GWAS_pathogenicity_AMR,1,N/A,0,0,0,0,0,3,0,0,2,1,yes,N/S,DNA,Zymo_MiniPrep,manual,PacBio_SMRTbell,no,PacBio_RSII,PacBio_RSII,no,Flye,free,de_novo,N/S,Bionumerics,commercial,N/S,relatedness,no,NCBI,genome_assemblies,no
Black,2019,bmc_infect_dis,Colombia,no,yes,Colombia+USA,2015-2016,2015,2016,Flavivirus_genus,,Zika,virus_ssRNA,2,0,genomic_diversity_evolution,N/A,18,N/A,0,0,0,0,0,3,0,3,0,0,N/S,qPCR,RNA,Roche_MagNAPure96+Qiagen_RNeasy,automated+manual,ONT_SQK-LSK108,no,ONT_MinION,ONT_MinION,no,BWA,free,ref_genome,MAFFT,IQ-TREE+TreeTime,free,MaxLik+Bayes,temporally-resolved,no,NCBI,consensus_sequences,yes
Diagne,2021,viruses,Senegal,yes,no,N/S,2020,2020,2020,Flavivirus_genus,,Yellow_Fever,virus_ssRNA,3,0,outbreak_epidemiology,N/A,2,N/A,0,0,0,0,0,18,0,18,0,0,yes,qPCR,RNA,Qiagen_QIAampViralRNAmini,manual,N/S,Illumina_MiSeq,no,Illumina_MiSeq,no,EDGE,free,ref_genome,MAFFT,IQ-TREE,free,MaxLik,relatedness,no,NCBI,consensus_sequences,no
Veo,2019,viruses,Italy,no,yes,N/S,2015-2018,2015,2018,Flavivirus_genus,,West_Nile,virus_ssRNA,3,0,outbreak_epidemiology,genomic_diversity_evolution,11,yes,13,1,0,0,12,2,0,2,0,0,no,N/S,RNA,Qiagen_QIAampViralRNAmini,automated,Illumina_NexteraXT,Illumina_MiSeq,no,Illumina_MiSeq,no,Geneious,commercial,ref_genome,ClustalW,BEAST,free,Bayes,temporally-resolved,RDP4,no,N/A,no
Appelt,2019,front_cell_infect_microbiol,Germany,no,yes,N/S,2007-2018,2007,2018,Francisella_tularensis_holartica,,N/A,bacterium_gram-,2,0,genomic_diversity_evolution,N/A,25,yes,9,0,0,0,9,0,0,0,0,0,yes,N/S,DNA,Qiagen_DNeasyb&t,manual,Illumina_NexteraXT,Illumina_MiSeq,no,Illumina_MiSeq,no,Bowtie,free,ref_genome,Mauve,N/S,N/S,NeiJo,relatedness,no,ENA,raw_reads,no
Jacob,2019,euro_surveill,Germany,no,yes,N/S,2016,2016,2016,Francisella_tularensis_holartica,,N/A,bacterium_gram-,2,0,outbreak_epidemiology,N/A,1,N/A,0,0,0,0,0,2,0,0,2,0,yes,PCR,DNA,MoBio_PowerSoil+Qiagen_DNeasyb&t,manual,Illumina_NexteraXT,Illumina_MiSeq,no,Illumina_MiSeq,no,Qcumber,free,N/S,Mauve,Geneious,commercial,NeiJo,relatedness,no,NCBI,raw_reads,no
Wittwer,2018,front_cell_infect_microbiol,Switzerland,no,yes,N/S,1996-2015,1996,2015,Francisella_tularensis_holartica,,N/A,bacterium_gram-,2,0,cross-domain_transmission,N/A,24,yes,21,0,0,0,21,14,14,0,0,0,yes,qPCR,DNA,Qiagen_EZ1,automated,Illumina_TruSeqDNAFree,Illumina_HiSeq,no,Illumina_HiSeq,no,SPAdes,free,N/S,MAFFT,PhyML,free,MaxLik,relatedness,no,NCBI,raw_reads,no
Tsui,2018,msphere,Canada,no,yes,N/S,1985-2014,1985,2014,Giardia_duodenalis,,N/A,protozoa,1,0,cross-domain_transmission,N/A,38,yes,22,2,3,0,17,29,0,0,0,29,no,N/S,DNA,Qiagen_QIAampDNAmini,manual,Illumina_NexteraXT,Illumina_MiSeq,no,Illumina_MiSeq,no,SPAdes+Bowtie2,free,ref_genome,Blastn,FastTree,free,MaxLik,relatedness,SplitsTree,NCBI,genome_assemblies,no
Kaiser,2018,am_j_infect_control,Germany,no,yes,N/S,2010-2013,2010,2013,Klebsiella_pneumoniae,,N/A,bacterium_gram-,2,0,outbreak_epidemiology,N/A,113,N/A,0,0,0,0,0,5,0,0,0,5,yes,PCR,DNA,Qiagen_GentraPuregene+Qiagen_DNeasyb&t,manual,N/S,Roche_454,PacBio_RSII,Roche_454,PacBio_RSII,Newbler+BWA,free,N/S,N/S,BEAST,free,Bayes,relatedness,no,ENA,raw_reads,no
Lu,2018,virus_evol,Vietnam,yes,no,N/S,2012-2016,2012,2016,Kobuvirus_genus,,No,virus_ssRNA,1,0,genomic_diversity_evolution,cross-domain_transmission,6,yes,124,7,1,0,116,0,0,0,0,0,no,N/S,RNA,N/S,N/S,N/S,Illumina_HiSeq,no,Illumina_HiSeq,no,CLCgenomics,commercial,de_novo,ClustalW,BEAST,free,Bayes,temporally-resolved,no,NCBI,consensus_sequences,no
Guglielmini,2019,plos_negl_trop_dis,Globe,,,N/S,1970-2018,1970,2018,Leptospira_spp.,,N/A,bacterium_gram-,2,0,genomic_diversity_evolution,diagnostics_development_surveillance,120,yes,89,52,12,0,25,107,0,0,0,107,yes,serotyping,DNA,Roche_MagNAPure96,automated,Illumina_NexteraXT,Illumina_NextSeq,no,Illumina_NextSeq,no,CLCgenomics,commercial,ref_genome,MAFFT,IQ-TREE,free,MaxLik,relatedness,no,NCBI,raw_reads,no
Chen,2017,appl_environ_microbiol,USA,no,yes,N/S,2012-2014,2012,2014,Listeria_monocytogenes,,N/A,bacterium_gram+,2,0,outbreak_epidemiology,N/A,7,no,38,38,0,0,0,12,0,0,0,12,N/S,genotyping,DNA,N/S,N/S,N/S,Illumina_MiSeq,PacBio_RSII,Illumina_MiSeq,PacBio_RSII,SPAdes,free,ref_genome,CFSAN_pipeline,Bionumerics+GARLI,commercial,NeiJo+MaxLik,relatedness,CFSAN_pipeline,NCBI,genome_assemblies,no
Duranti,2018,j_med_microbiol,Italy,no,yes,N/S,2015-2016,2015,2016,Listeria_monocytogenes,,N/A,bacterium_gram+,2,0,outbreak_epidemiology,N/A,35,N/A,0,0,0,0,0,831,0,0,N/S,N/S,yes,genotyping,DNA,N/S,N/S,N/S,Illumina_NextSeq,no,Illumina_NextSeq,no,N/S,N/S,ref_genome,N/S,kSNP3,free,NeiJo,relatedness,no,NCBI,genome_assemblies,no
Kwong,2016,j_clin_microbiol,Australia,no,yes,N/S,1995-2015,1995,2015,Listeria_monocytogenes,,N/A,bacterium_gram+,2,0,diagnostics_development_surveillance,N/A,225,N/A,0,0,0,0,0,279,0,0,233,46,yes,serotyping+genotyping,DNA,Qiagen_QIAampDNAmini,manual,Illumina_NexteraXT,Illumina_MiSeq,no,Illumina_MiSeq,no,Snippy,free,ref_genome,Snippy,SplitsTree+FastTree,free,NeiJo+MaxLik,relatedness,no,ENA,raw_reads,no
McLauchlin,2020,j_food_prot,UK,no,yes,UK,2013-2017,2013,2017,Listeria_monocytogenes,,N/A,bacterium_gram+,2,0,outbreak_epidemiology,N/A,9,no,34,0,0,34,0,0,0,0,0,0,yes,serotyping,DNA,Qiagen_QIAsymphony,automated,Illumina_NexteraXT,Illumina_HiSeq,no,Illumina_HiSeq,no,Bowtie2,free,ref_genome,SnapperDB,RAxML,free,MaxLik,relatedness,Gubbins,no,N/A,no
Zhang,2016,front_microbiol,China,no,yes,N/S,2004-2012,2004,2012,Listeria_monocytogenes,,N/A,bacterium_gram+,2,0,genomic_diversity_evolution,N/A,12,yes,3,3,0,0,0,2,0,0,2,0,N/S,N/S,DNA,N/S,N/S,Illumina_NexteraXT,Illumina_MiSeq,no,Illumina_MiSeq,no,CLCgenomics,commercial,de_novo,Mauve,GARLI,free,MaxLik,relatedness,no,NCBI,genome_assemblies,no
Hsu,2011,front_microbiol,N/A,N/A,N/A,USA,N/S,N/S,N/S,Mycobacterium_avium,,N/A,bacterium_gram+,2,0,genomic_diversity_evolution,N/A,1,yes,4,2,0,0,2,2,0,0,0,2,yes,genotyping,DNA,N/S,N/S,N/S,Illumina_GAIIx,no,Illumina_GAIIx,no,CLCgenomics,commercial,de_novo,Mauve+ClustalW,MEGA,free,NeiJo,relatedness,no,NCBI,raw_reads,no
Bryant,2016,bmc_genomics,Globe,,,N/S,1981-2010,1981,2010,Mycobacterium_avium_paratubercolosis,,N/A,bacterium_gram+,2,0,genomic_diversity_evolution,N/A,9,yes,131,112,0,0,19,1,0,0,0,1,yes,genotyping,DNA,Qiagen_DNeasyb&t,manual,N/S,Illumina_GAIIx,no,Illumina_GAIIx,no,SMALT,free,ref_genome,SMALT,RAxML+BEAST,free,MaxLik+Bayes,relatedness,no,ENA,raw_reads,no
Hodgeman,2021,bmc_microbiol,Australia,no,yes,N/S,1984-2019,1984,2019,Mycobacterium_avium_paratubercolosis,,N/A,bacterium_gram+,2,0,genomic_diversity_evolution,diagnostics_development_surveillance,2,yes,126,124,0,1,1,0,0,0,0,0,yes,PCR,DNA,Promega_WizardPurification,manual,Illumina_NexteraFlex,Illumina_MiSeq,no,Illumina_MiSeq,no,N/S,N/S,ref_genome,Bowtie2,RAxML,free,MaxLik,relatedness,no,NCBI,raw_reads,no
Avanzi,2016,science,UK+Ireland,no,yes,N/S,2006-2016,2006,2016,Mycobacterium_leprae/lepromatosis,,N/A,bacterium_gram+,3,0,genomic_diversity_evolution,N/A,1,no,7,0,0,0,7,0,0,0,0,0,no,PCR+serology,DNA,Qiagen_QIAampDNAmicrobiome,manual,KAPAhyperplus,Illumina_HiSeq,no,Illumina_HiSeq,no,Bowtie2,free,ref_genome,LAST,MEGA+BEAST,free,NeiJo+MaxPar+Bayes,temporally-resolved,no,NCBI,raw_reads,no
Buultjens,2018,appl_environ_microbiol,Oceania,,,N/S,1945-2016,1945,2016,Mycobacterium_ulcerans,,N/A,bacterium_gram+,3*,0,genomic_diversity_evolution,N/A,172,yes,6,0,1,0,5,0,0,0,0,0,yes,N/S,DNA,N/S,N/S,Illumina_NexteraXT,Illumina_NextSeq,no,Illumina_NextSeq,no,N/S,N/S,ref_genome,Snippy,PhyML+BEAST,free,MaxLik+Bayes,temporally-resolved,no,NCBI,raw_reads,no
Fleshman,2018,microb_genom,SouthEastAsia,,,N/S,1943-2011,1943,2011,Orientia_tsutsugamushi,,N/A,bacterium_gram-,1,0,genomic_diversity_evolution,N/A,33,yes,5,0,0,0,5,2,2,0,0,0,yes,N/S,DNA,Qiagen_GentraPuregene,manual,Illumina_TruSeqSBS,Illumina_HiSeq,no,Illumina_HiSeq,no,SPAdes,free,ref_genome,BWA,PAUP+IQ-TREE+BEAST,free,MaxPar+MaxLik+Bayes,relatedness,ClonalFrameML+Gubbins,NCBI,raw_reads,yes
Kim,2016,sci_rep,SouthKorea,no,yes,N/S,2013-2015,2013,2015,Orthohantavirus_genus,,Hantaan,virus_ssRNA,1,0,cross-domain_transmission,N/A,4,no,26,0,0,0,26,0,0,0,0,0,N/S,serology+PCR,RNA,GeneAll_HybridR,manual,Illumina_TruSeqNano,Illumina_MiSeq,no,Illumina_MiSeq,no,CLCgenomics,commercial,N/S,ClustalW,MEGA,free,NeiJo+MaxLik,relatedness,RDP4,NCBI,consensus_sequences,no
Kim,2018,emerg_infect_dis,SouthKorea,no,yes,N/S,2000-2016,2000,2016,Orthohantavirus_genus,,Seoul,virus_ssRNA,1,0,genomic_diversity_evolution,N/A,6,no,4,0,0,0,4,0,0,0,0,0,N/S,serology+qPCR,RNA,Ambion_TRIreagent,manual,Illumina_TruSeqNano,Illumina_MiSeq,no,Illumina_MiSeq,no,EDGE,free,N/S,MUSCLE,MEGA,free,MaxLik,relatedness,RDP4,NCBI,consensus_sequences,no
Kim,2020,clin_infect_dis,SouthKorea,no,yes,N/S,2016-2017,2016,2017,Orthohantavirus_genus,,Hantaan,virus_ssRNA,1,0,cross-domain_transmission,N/A,5,no,7,0,0,0,7,0,0,0,0,0,N/S,serology+qPCR,RNA,Ambion_TRIreagent,manual,Illumina_TruSeqNano,Illumina_MiSeq,no,Illumina_MiSeq,no,EDGE,free,N/S,MUSCLE,MEGA,free,MaxLik,relatedness,no,NCBI,consensus_sequences,no
Sahay,2020,virus_res,India,yes,no,N/S,2019,2019,2019,Orthonairovirus_genus,,CCHF,virus_ssRNA,1,0,outbreak_epidemiology,N/A,3,no,121,121,0,0,0,95,95,0,0,0,N/S,serology+PCR,RNA,AB_MagMAX,automated,N/S,Illumina_N/S,no,Illumina_N/S,no,CLCgenomics,commercial,ref_genome,N/S,N/S,N/S,MaxLik,relatedness,no,no,N/A,no
Antwerpen,2019,peerj,Germany,no,yes,N/S,2008-2011,2008,2011,Orthopoxvirus_genus,,Cowpox,virus_dsDNA,1,0,outbreak_epidemiology,N/A,5,yes,8,0,8,0,0,0,0,0,0,0,yes,PCR,DNA,Roche_MagNAPureCompact,automated,Illumina_NexteraXT,Illumina_MiSeq,no,Illumina_MiSeq,no,SPAdes,free,ref_genome,Blastn,Phangorn,free,MaxPar,relatedness,no,NCBI,genome_assemblies,no
Matsuno,2013,j_virol,Globe,,,N/S,1954-1992,1954,1992,Phlebovirus_genus,,No,virus_ssRNA,3,0,genomic_diversity_evolution,N/A,1,N/A,0,0,0,0,0,5,5,0,0,0,yes,serology,RNA,Ambion_TRIreagent+Qiagen_RNeasy,manual,Roche_GSFLX,Roche_454,no,Roche_454,no,CLCgenomics,commercial,de_novo,MUSCLE,MEGA+RAxML,free,NeiJo+MaxLik,relatedness,no,NCBI,consensus_sequences,no
Mourier,2021,bmc_biol,Brazil,no,yes,N/S,2007-2016,2007,2016,Plasmodium_spp.,,N/A,protozoa,2,0,genomic_diversity_evolution,N/A,8,yes,2,0,0,0,2,0,0,0,0,0,N/S,N/S,DNA,N/S,N/S,Illumina_TruSeqNano+Tecan_Ovation+PacBio_SMRTbell,Illumina_HiSeq,PacBio_RSII,Illumina_HiSeq,PacBio_RSII,SPAdes,free,ref_genome,MAFFT+ClustalW,SplitsTree+RAxML+PhyML,free,NeiJo+MaxLik,relatedness,no,ENA,raw_reads,no
Akter,2017,genome_biol_evol,Japan,no,yes,N/S,1985-2014,1985,2014,Rickettsia_japonica,,N/A,bacterium_gram-,3,0,genomic_diversity_evolution,N/A,17,N/A,0,0,0,0,0,14,14,0,0,0,yes,N/S,DNA,Qiagen_DNeasyb&t,manual,Illumina_NexteraXT+PacBio_N/S,Illumina_MiSeq,PacBio_RSII,Illumina_MiSeq,PacBio_RSII,Platanus,free,ref_genome,GENETYX,RAxML,free,MaxLik,relatedness,no,NCBI,raw_reads,no
Nyaga,2015,infect_genet_evol,Africa,,,N/S,2005-2010,2005,2010,Rotavirus_genus,,Rotavirus_A,virus_dsRNA,2,0,genomic_diversity_evolution,N/A,13,yes,2,2,0,0,0,0,0,0,0,0,N/S,serology,RNA,N/S,N/S,N/S,IonTorrent_IonPGM,no,IonTorrent_IonPGM,no,CLCgenomics,commercial,de_novo,MUSCLE,MEGA,free,MaxLik,relatedness,no,NCBI,consensus_sequences,no
Fashae,2018,zoonoses_public_health,Nigeria,yes,no,N/S,2011-2013,2011,2013,Salmonella_enterica,,N/A,bacterium_gram-,2?,0,GWAS_pathogenicity_AMR,N/A,30,no,55,55,0,0,0,0,0,0,0,0,yes,serotyping,DNA,N/S,N/S,N/S,Illumina_MiSeq,no,Illumina_MiSeq,no,Assembler,free,ref_genome,BWA,FastTree,free,MaxLik,relatedness,no,ENA,raw_reads,no
Ford,2019,emerg_infect_dis,Australia,no,yes,Australia,2010-2016,2010,2016,Salmonella_enterica,,N/A,bacterium_gram-,2?,0,cross-domain_transmission,N/A,62,yes,42,21,2,0,19,18,0,0,0,18,N/S,N/S,DNA,N/S,N/S,Illumina_NexteraXT,Illumina_NextSeq,no,Illumina_NextSeq,no,Snippy,free,ref_genome,Snippy-core,RAxML,free,MaxLik,relatedness,Gubbins,NCBI,raw_reads,no
Sia,2020,microb_genom,UK,no,yes,N/S,2014-2017,2014,2017,Salmonella_enterica,,N/A,bacterium_gram-,2?,0,GWAS_pathogenicity_AMR,N/A,29586,N/S,769,N/S,N/S,N/S,N/S,937,0,0,N/S,N/S,N/S,N/S,DNA,Qiagen_QIAsymphony,automated,Illumina_NexteraXT+ONT_EXP-NBD103+ONT_SQK-LSK108,Illumina_HiSeq,ONT_MinION,Illumina_HiSeq,ONT_MinION,SPAdes,free,N/S,BWA,RAxML,free,MaxLik,relatedness,no,NCBI,raw_reads,no
Dangel,2019,euro_surveill,Germany,no,yes,N/S,1993-2018,1993,2018,Salmonella_enterica_agona,,N/A,bacterium_gram-,1,0,outbreak_epidemiology,N/A,20,yes,4,2,0,2,0,27,0,0,27,0,yes,MALDI-TOF-MS,DNA,Promega_MaxwellLEVblood,automated,Illumina_NexteraXT,Illumina_MiSeq,no,Illumina_MiSeq,no,BWA,free,ref_genome,N/S,RAxML,free,MaxLik,relatedness,no,NCBI,raw_reads,no
Hoffmann,2016,j_infect_dis,Globe,,,N/S,1968-2012,1968,2012,Salmonella_enterica_bareilly,,N/A,bacterium_gram-,1,0,outbreak_epidemiology,N/A,30,yes,41,38,0,3,0,26,0,0,23,3,yes,genotyping,DNA,Qiagen_DNeasyb&t,manual,Illumina_NexteraXT+PacBio_N/S,Illumina_MiSeq,PacBio_RSII,Illumina_MiSeq,PacBio_RSII,CLCgenomics+Newbler,commercial,de_novo,NovoAlign+MUSCLE,GARLI,free,MaxLik,relatedness,no,NCBI,raw_reads,no
Simon,2018,food_microbiol,Germany,no,yes,N/S,2004-2014,2004,2014,Salmonella_enterica_derby,,N/A,bacterium_gram-,1,0,diagnostics_development_surveillance,N/A,46,yes,8,7,0,1,0,0,0,0,0,0,yes,serotyping+phage_typing+genotyping,DNA,Merck_GenEluteBac,manual,Illumina_NexteraXT+PacBio_N/S,Illumina_MiSeq,PacBio_RSII,Illumina_MiSeq,PacBio_RSII,BWA,free,ref_genome,Geneious,SeqSphere++EnteroBase+Geneious,commercial,MinSpan+MaxLik,relatedness,no,no,N/A,no
Aung,2022,int_j_erph,Singapore,no,yes,Singapore,2016-2017,2016,2017,Salmonella_enterica_enteritidis,,N/A,bacterium_gram-,2,0,cross-domain_transmission,GWAS_pathogenicity_AMR,246,yes,27,0,0,27,0,3,0,0,0,3,yes,N/S,DNA,Qiagen_DNeasyb&t,manual,NEB_NEBNextUltra,Illumina_HiSeq,no,Illumina_HiSeq,no,BWA,free,ref_genome,N/S,FastTree,free,MaxLik,relatedness,no,NCBI,raw_reads,no
Deng,2015,j_clin_microbiol,USA+Mauritius,no,yes,USA,2001-2012,2001,2012,Salmonella_enterica_enteritidis,,N/A,bacterium_gram-,2,0,diagnostics_development_surveillance,N/A,26,yes,19,3,4,12,0,7,0,0,7,0,yes,N/S,DNA,Merck_GenEluteBac,manual,N/S,Illumina_N/S,no,Illumina_N/S,no,N/S,N/S,ref_genome,N/S,MEGA,free,MaxLik,relatedness,no,NCBI,raw_reads,no
Deng,2021,foodborne_pathog_dis,China,no,yes,China,2007-2019,2007,2019,Salmonella_enterica_enteritidis,,N/A,bacterium_gram-,2,0,outbreak_epidemiology,N/A,42,yes,16,0,0,16,0,8,0,0,8,0,N/S,genotyping,DNA,Qiagen_QIAampDNAmini,manual,N/S,BGI_BGISEQ500,no,BGI_BGISEQ500,no,BWA+Minimap2,free,ref_genome,Blastn,RAxML,free,MaxLik,relatedness,Gubbins,NCBI,raw_reads,no
Graham,2018,plos_one,Australia,no,yes,N/S,2004-2017,2004,2017,Salmonella_enterica_enteritidis,,N/A,bacterium_gram-,2,0,genomic_diversity_evolution,N/A,206,yes,5,1,2,2,0,6,0,0,1,5,yes,N/S,DNA,Qiagen_QIAsymphony,automated,Illumina_NexteraXT,Illumina_NextSeq,no,Illumina_NextSeq,no,Snippy,free,ref_genome,Snippy,RAxML,free,MaxLik,relatedness,BratNextGen,ENA,raw_reads,no
Jiang,2022,front_microbiol,China,no,yes,China,2017-2019,2017,2019,Salmonella_enterica_enteritidis,,N/A,bacterium_gram-,2,0,outbreak_epidemiology,N/A,58,N/A,0,0,0,0,0,8,0,0,4,4,yes,qPCR+serology,DNA,Qiagen_QIAampDNAmini,manual,N/S,BGI_MGISEQ2000,no,BGI_MGISEQ2000,no,Snippy,free,N/S,Snippy,IQ-TREE,free,MaxLik,relatedness,Gubbins,NCBI,raw_reads,no
Kanagarajah,2018,food_microbiol,UK,no,yes,N/S,2012-2015,2012,2015,Salmonella_enterica_enteritidis,,N/A,bacterium_gram-,2,0,outbreak_epidemiology,N/A,148,yes,18,0,18,0,0,0,0,0,0,0,N/S,N/S,DNA,N/S,N/S,N/S,Illumina_HiSeq,no,Illumina_HiSeq,no,BWA,free,ref_genome,N/S,RAxML,free,MaxLik,relatedness,no,NCBI,raw_reads,no
Edirmanasinghe,2017,antimicrob_agents_chemother,Canada,no,yes,N/S,2011-2012,2011,2012,Salmonella_enterica_heidelberg,,N/A,bacterium_gram-,1,0,GWAS_pathogenicity_AMR,N/A,51,yes,62,0,0,62,0,0,0,0,0,0,N/S,genotyping,DNA,Lucigen_MasterPureComplete,manual,Illumina_NexteraXT,Illumina_N/S,no,Illumina_N/S,no,SPAdes,free,ref_genome,SMALT,PHYLOViZ,free,MinSpan,genetic_distance,no,no,N/A,no
Alba,2020,microb_genom,Europe,,,Italy,2001-2017,2001,2017,Salmonella_enterica_infantis,,N/A,bacterium_gram-,1,0,genomic_diversity_evolution,N/A,79,yes,235,65,1,169,0,68,0,0,58,10,N/S,N/S,DNA,N/S,N/S,N/S,Illumina_N/S,no,Illumina_N/S,no,SPAdes,free,de_novo,BWA,CSIphylogeny+FastTree,free,MaxLik,relatedness,no,ENA,raw_reads,no
Jovcic,2022,foodborne_pathog_dis,Serbia,no,yes,UK,N/S,N/S,N/S,Salmonella_enterica_kentucky,,N/A,bacterium_gram-,1,0,cross-domain_transmission,N/A,5,no,2,0,0,2,0,0,0,0,0,0,yes,serotyping,DNA,N/S,N/S,N/S,Illumina_HiSeq,no,Illumina_HiSeq,no,BWA,free,N/S,N/S,CSIphylogeny,free,N/S,relatedness,no,NCBI,genome_assemblies,no
Wang,2022,food_res_int,China,no,yes,China,N/S,N/S,N/S,Salmonella_enterica_rissen,,N/A,bacterium_gram-,1,0,cross-domain_transmission,N/A,16,yes,22,20,0,2,0,1,0,0,0,1,yes,serotyping,DNA,Tiangen_TIANamp,manual,N/S,Illumina_HiSeq,no,Illumina_HiSeq,no,SPAdes,free,de_novo,N/S,Parsnp,free,MaxLik,relatedness,no,ENA,raw_reads,no
Wilson,2016,plos_one,USA,no,yes,N/S,2004-2012,2004,2012,Salmonella_enterica_tennessee,,N/A,bacterium_gram-,1,0,outbreak_epidemiology,genomic_diversity_evolution,13,yes,4,3,0,1,0,54,0,0,46,8,yes,N/S,DNA,Qiagen_DNeasyb&t,manual,Roche_GSFLX+PacBio_SMRTbell,Roche_454,PacBio_RSII,Roche_454,PacBio_RSII,Newbler+CLCgenomics+SMRT,commercial,de_novo,NovoAlign,GARLI,free,MaxLik,relatedness,no,NCBI,raw_reads,yes
Almeida,2018,plos_one,Brazil,no,yes,N/S,1983-2013,1983,2013,Salmonella_enterica_typhimurium,,N/A,bacterium_gram-,2,0,GWAS_pathogenicity_AMR,N/A,42,yes,45,34,0,11,0,2,0,0,2,0,N/S,N/S,DNA,N/S,N/S,Illumina_NexteraXT,Illumina_NextSeq,no,Illumina_NextSeq,no,SPAdes,free,de_novo,CFSAN_pipeline,GARLI,free,MaxLik,relatedness,no,NCBI,genome_assemblies,no
Bloomfield,2017,emerg_infect_dis,NewZealand,no,yes,N/S,1998-2012,1998,2012,Salmonella_enterica_typhimurium,,N/A,bacterium_gram-,2,0,outbreak_epidemiology,N/A,35,yes,74,24,0,25,25,0,0,0,0,0,no,N/S,DNA,Qiagen_QIAampDNAmini,manual,Illumina_TruSeqDNAFree,Illumina_MiSeq,no,Illumina_MiSeq,no,Velvet,free,de_novo,Snippy,RAxML+BEAST,free,MaxLik+Bayes,temporally-resolved,no,ENA,raw_reads,yes
Gymoese,2017,emerg_infect_dis,Denmark,no,yes,Denmark,2010-2014,2010,2014,Salmonella_enterica_typhimurium,,N/A,bacterium_gram-,2,0,outbreak_epidemiology,N/A,292,N/S,40,N/S,N/S,N/S,N/S,40,0,0,40,0,yes,genotyping,DNA,Qiagen_DNeasyb&t+Invitrogen_Easy,manual,Illumina_NexteraXT,Illumina_MiSeq,no,Illumina_MiSeq,no,CLCgenomics,commercial,de_novo,BWA,Bionumerics,commercial,MaxPar,relatedness,yes,ENA,raw_reads,no
Leekitcharoenphon,2016,appl_environ_microbiol,Globe,,,N/S,1969-2012,1969,2012,Salmonella_enterica_typhimurium,,N/A,bacterium_gram-,2,0,genomic_diversity_evolution,N/A,118,yes,197,145,0,51,1,0,0,0,0,0,N/S,N/S,DNA,N/S,N/S,N/S,Illumina_HiSeq,no,Illumina_HiSeq,no,Velvet,free,de_novo,BWA,PhyML+BEAST,free,MaxLik+Bayes,temporally-resolved,RecHMM,ENA,raw_reads,no
Söderlund,2019,euro_surveill,Sweden,no,yes,N/S,2009-2016,2009,2016,Salmonella_enterica_typhimurium,,N/A,bacterium_gram-,2,0,outbreak_epidemiology,N/A,10,yes,30,0,15,0,15,0,0,0,0,0,N/S,genotyping,DNA,Qiagen_DNeasyb&t+Qiagen_BioRobot,automated,Illumina_NexteraXT,Illumina_MiSeq,no,Illumina_MiSeq,no,Bowtie,free,ref_genome,N/S,SplitsTree,free,NeiJo,relatedness,no,ENA,raw_reads,no
Teixeira,2014,bmc_genomics,N/A,N/A,N/A,N/S,N/S,N/S,N/S,Sporothrix_spp.,Sporothrix schenckii and Sporothrix brasiliensis,N/A,ascomycota,2,0,genomic_diversity_evolution,N/A,1,no,1,0,1,0,0,0,0,0,0,0,yes,N/S,DNA,Qiagen_DNeasyPlant,manual,N/S,Roche_454,no,Roche_454,no,Newbler+CeleraAssembler,free,N/S,Mauve+MAFFT,RAxML+r8s,free,MaxLik,relatedness,no,NCBI,genome_assemblies,no
Donkor,2018,infect_drug_resist,Ghana,yes,no,N/S,2012-2015,2012,2015,Staphylococcus_aureus,,N/A,bacterium_gram+,2,0,outbreak_epidemiology,N/A,4,N/A,0,0,0,0,0,13,0,0,0,13,yes,N/S,DNA,Promega_N/S,manual,N/S,Illumina_HiSeq,no,Illumina_HiSeq,no,Velvet,free,de_novo,SMALT,RAxML,free,MaxLik,relatedness,no,NCBI,raw_reads,no
Harrison,2013,embo_mol_med,UK,no,yes,N/S,N/S,N/S,N/S,Staphylococcus_aureus,,N/A,bacterium_gram+,2,0,cross-domain_transmission,N/A,2,yes,4,4,0,0,0,0,0,0,0,0,yes,N/S,DNA,Lucigen_MasterPureGram+,manual,N/S,Illumina_HiSeq,no,Illumina_HiSeq,no,SMALT,free,ref_genome,N/S,RAxML,free,MaxLik,relatedness,no,NCBI,raw_reads,no
Liao,2020,bmc_infect_dis,China,no,yes,N/S,2013-2016,2013,2016,Staphylococcus_aureus,,N/A,bacterium_gram+,2,0,genomic_diversity_evolution,N/A,40,N/A,0,0,0,0,0,20,0,0,20,0,yes,PCR,DNA,Tiangen_TIANamp,manual,Illumina_NexteraXT,Illumina_HiSeq,no,Illumina_HiSeq,no,SOAPdenovo,free,de_novo,MUMmer,N/S,N/S,NeiJo,relatedness,no,NCBI,genome_assemblies,no
Pirolo,2020,appl_environ_microbiol,Italy,no,yes,N/S,2018,2018,2018,Staphylococcus_aureus,,N/A,bacterium_gram+,2,0,genomic_diversity_evolution,N/A,14,no,53,53,0,0,0,0,0,0,0,0,N/S,N/S,DNA,Qiagen_QIAampDNAmini,manual,Illumina_NexteraXT,Illumina_MiSeq,no,Illumina_MiSeq,no,N/S,N/S,de_novo,NASP,IQ-TREE,free,MaxLik,relatedness,Gubbins,NCBI,raw_reads,no
Price,2012,mbio,Globe,,,N/S,1993-2010,1993,2010,Staphylococcus_aureus,,N/A,bacterium_gram+,2,0,genomic_diversity_evolution,N/A,25,yes,63,55,0,8,0,0,0,0,0,0,N/S,N/S,DNA,N/S,N/S,NEB_NEBNextUltra,Illumina_GAIIx,no,Illumina_GAIIx,no,N/S,N/S,ref_genome,BWA,PAUP,free,MaxPar,relatedness,no,no,N/A,no
Randad,2016,emerg_infect_dis,USA,no,yes,N/S,2011-2016,2011,2016,Staphylococcus_aureus,,N/A,bacterium_gram+,2,0,cross-domain_transmission,GWAS_pathogenicity_AMR,39,no,10,10,0,0,0,0,0,0,0,0,N/S,N/S,DNA,N/S,N/S,Illumina_NexteraXT+Roche_KAPAhyperplus,Illumina_MiSeq,no,Illumina_MiSeq,no,SPAdes,free,de_novo,NASP,PhyML,free,MaxLik,relatedness,no,NCBI,genome_assemblies,no
Richardson,2018,nat_ecol_evol,Globe,,,UK,1986-2012,1986,2012,Staphylococcus_aureus,,N/A,bacterium_gram+,2,0,genomic_diversity_evolution,N/A,119,yes,54,39,3,0,12,0,0,0,0,0,N/S,N/S,DNA,N/S,N/S,N/S,Illumina_HiSeq,no,Illumina_HiSeq,no,Velvet,free,de_novo,SMALT,RAxML+BEAST,free,MaxLik+Bayes,temporally-resolved,BratNextGen,ENA,raw_reads,no
Sieber,2019,sci_rep,Denmark,no,yes,N/S,2014-2016,2014,2016,Staphylococcus_aureus,,N/A,bacterium_gram+,2,0,cross-domain_transmission,N/A,73,no,183,183,0,0,0,0,0,0,0,0,N/S,N/S,DNA,N/S,N/S,Illumina_NexteraXT,Illumina_NextSeq,no,Illumina_NextSeq,no,N/S,N/S,N/S,NASP,IQ-TREE,free,MaxLik,relatedness,no,ENA,raw_reads,yes
Uhlemann,2017,mbio,Globe,,,N/S,2003-2013,2003,2013,Staphylococcus_aureus,,N/A,bacterium_gram+,2,0,genomic_diversity_evolution,N/A,217,no,6,6,0,0,0,57,0,0,0,57,yes,N/S,DNA,Qiagen_QIAampDNAmini,manual,N/S,Illumina_HiSeq,no,Illumina_HiSeq,no,BWA,free,ref_genome,BWA,RAxML+BEAST,free,MaxLik+Bayes,temporally-resolved,BratNextGen,ENA,raw_reads,no
Wang,2021,msystems,China,no,yes,China,2010-2018,2010,2018,Staphylococcus_aureus,,N/A,bacterium_gram+,2,0,genomic_diversity_evolution,N/A,138,yes,379,264,0,115,0,156,0,0,156,0,yes,N/S,DNA,In-house_sodium/tris/edta,manual,NEB_NEBNextUltra,Illumina_NovaSeq,no,Illumina_NovaSeq,no,SPAdes,free,N/S,Roary,IQ-TREE+BEAST,free,MaxLik+Bayes,temporally-resolved,no,NCBI,raw_reads,yes
Yu,2021,msystems,China,no,yes,N/S,2011-2016,2011,2016,Staphylococcus_aureus,,N/A,bacterium_gram+,2,0,genomic_diversity_evolution,GWAS_pathogenicity_AMR,3,yes,14,12,0,2,0,0,0,0,0,0,N/S,N/S,DNA,N/S,N/S,N/S,Illumina_HiSeq,no,Illumina_HiSeq,no,SPAdes,free,N/S,Mauve,BactDating,free,Bayes,temporally-resolved,Gubbins,NCBI,raw_reads,no
Kawasaki,2018,appl_environ_microbiol,Australia,no,yes,Australia,2005-2014,2005,2014,Streptococcus_agalactiae,,N/A,bacterium_gram+,2,0,genomic_diversity_evolution,N/A,2,yes,38,10,2,0,26,0,0,0,0,0,yes,serotyping,DNA,Qiagen_DNeasyb&t,manual,Illumina_NexteraXT,Illumina_HiSeq,no,Illumina_HiSeq,no,SPAdes,free,de_novo,Parsnp,RAxML,free,MaxLik,relatedness,Gubbins,NCBI,genome_assemblies,no
Richards,2019,mol_biol_evol,Globe,,,N/S,2009-2014,2009,2014,Streptococcus_agalactiae,,N/A,bacterium_gram+,2,0,genomic_diversity_evolution,N/A,162,yes,76,66,3,0,7,0,0,0,0,0,N/S,N/S,DNA,N/S,N/S,N/S,Illumina_HiSeq,no,Illumina_HiSeq,no,SPAdes+Velvet,free,de_novo,REALPHY,RAxML+BAPS,free,MaxLik+Bayes,relatedness,BratNextGen,no,N/A,no
Du,2017,emerg_infect_dis,China,no,yes,N/S,1998-2005,1998,2005,Streptococcus_suis,,N/A,bacterium_gram+,2,0,outbreak_epidemiology,N/A,86,no,8,8,0,0,0,0,0,0,0,0,N/S,N/S,DNA,Promega_WizardPurification,manual,N/S,Illumina_GAIIx,no,Illumina_GAIIx,no,SOAP2,free,ref_genome,N/S,BEAST,free,Bayes,temporally-resolved,RDP3,NCBI,raw_reads,no
Jaleta,2017,plos_negl_trop_dis,Cambodia,yes,no,N/S,2013-2016,2013,2016,Strongyloides_stercoralis,,N/A,nematoda,2,0,cross-domain_transmission,N/A,9,no,9,0,9,0,0,0,0,0,0,0,yes,PCR,DNA,Lucigen_MasterPureComplete,manual,Takara_LowInput,Illumina_HiSeq,no,Illumina_HiSeq,no,BWA,free,ref_genome,N/S,ApE,free,NeiJo,relatedness,no,ENA+NCBI,raw_reads,no
Gonzalez-Escaloa,2017,j_clin_microbiol,Globe,,,N/S,1951-2005,1951,2005,Vibrio_parahaemolyticus,,N/A,bacterium_gram-,2,0,diagnostics_development_surveillance,N/A,33,N/A,0,0,0,0,0,59,0,0,0,59,yes,N/S,DNA,Qiagen_DNeasyb&t,manual,Illumina_NexteraXT,Illumina_MiSeq,no,Illumina_MiSeq,no,CLCgenomics,commercial,de_novo,N/S,SplitsTree,free,NeiJo,relatedness,no,NCBI,raw_reads,no
Yang,2022,nat_microbiol,China,no,yes,N/S,2002-2018,2002,2018,Vibrio_parahaemolyticus,,N/A,bacterium_gram-,2,0,outbreak_epidemiology,GWAS_pathogenicity_AMR,2686,N/A,0,0,0,0,0,956,0,0,956,0,yes,serotyping,DNA,In-house_sodium/tris/edta,manual,NEB_NEBNextUltra,Illumina_HiSeq,no,Illumina_HiSeq,no,N/S,N/S,N/S,Snippy,GrapeTree+FastTree+IQ-TREE+BEAST,free,MinSpan+MaxLik+Bayes,temporally-resolved,Gubbins,NCBI,raw_reads,no
Cui,2013,pnas,Globe,,,N/S,1922-2006,1922,2006,Yersinia_pestis,,N/A,bacterium_gram-,3,0,genomic_diversity_evolution,N/A,23,yes,87,2,1,0,84,20,2,18,0,0,N/S,N/S,DNA,N/S,N/S,N/S,Illumina_GAIIx,no,Illumina_GAIIx,no,SOAPdenovo,free,de_novo,SOAPaligner+MUMmer,Bionumerics+PhyML+BEAST,commercial,NeiJo+MaxLik+Bayes,temporally-resolved,no,NCBI,raw_reads,no
Vogler,2013,mbio,Madagascar,yes,no,N/S,1991-1999,1991,1999,Yersinia_pestis,,N/A,bacterium_gram-,3,0,genomic_diversity_evolution,N/A,3,N/A,0,0,0,0,0,1,0,1,0,0,N/S,N/S,DNA,N/S,N/S,NEB_NEBNextUltra,Illumina_GAIIx,no,Illumina_GAIIx,no,N/S,N/S,ref_genome,MUMmer,N/S,N/S,MaxLik,genetic_distance,no,NCBI,raw_reads,no
Yan,2014,plos_one,China,no,yes,N/S,1956-2009,1956,2009,Yersinia_pestis,,N/A,bacterium_gram-,3,0,outbreak_epidemiology,N/A,5,yes,4,0,2,0,2,1,0,1,0,0,yes,N/S,DNA,In-house_phe/chl/sds,manual,N/S,Illumina_GAIIx,no,Illumina_GAIIx,no,SOAPdenovo,free,de_novo,SOAPaligner+MUMmer,MEGA+PhyML+RAxML,free,NeiJo+MaxLik,relatedness,no,NCBI,raw_reads,no